"","species.1","species.2","species.3","species.4","species.5","species.6","species.7","species.8","species.9","species.10","species.11","species.12","species.13","species.14","species.15","species.16","species.17","species.18","species.19","species.20","species.21","species.22","species.23","species.24","species.25","species.26","species.27","species.28","species.29","species.30","species.31","species.32","vec_idx"
"sample.1",143,20,247,490,215,296,217,333,90,823,124,514,292,165,840,749,32,7,315,88,46,689,634,124,124,62,559,1181,213,2,46,244,1
"sample.2",147,29,232,503,203,290,189,353,79,875,121,565,276,150,800,684,30,10,309,122,43,678,565,141,134,100,619,1193,223,2,57,190,1
"sample.3",144,32,205,492,185,274,194,333,73,812,104,573,259,155,778,756,24,8,298,112,42,699,605,148,136,97,565,1312,219,2,56,226,1
"sample.4",152,21,203,477,201,282,209,309,73,837,144,601,267,128,753,768,41,14,307,128,39,696,604,141,127,100,611,1237,207,1,50,213,1
"sample.5",144,21,208,449,192,270,210,359,81,803,127,559,274,152,810,745,31,14,303,118,43,667,600,152,141,98,563,1283,250,2,53,206,1
"sample.6",163,19,218,491,205,289,194,344,68,807,118,582,259,175,777,829,30,7,308,104,33,696,603,143,122,94,581,1174,202,2,58,233,1
"sample.7",22,361,550,615,1165,205,108,128,499,318,1318,344,78,56,129,306,58,89,308,448,660,84,40,73,401,763,357,219,63,0,130,94,2
"sample.8",20,316,455,579,1210,263,118,124,493,291,1278,333,80,50,121,348,57,89,298,453,647,88,51,84,430,813,362,219,57,0,155,102,2
"sample.9",22,329,530,642,1257,233,96,146,456,315,1309,308,76,46,96,327,48,92,286,448,709,87,53,58,399,811,336,186,47,0,133,97,2
"sample.10",11,336,500,595,1243,208,95,125,503,302,1191,349,94,55,125,324,53,99,318,492,694,80,40,72,418,780,336,204,53,0,168,118,2
"sample.11",19,334,487,627,1292,216,114,135,498,286,1206,304,95,61,122,320,48,82,291,505,664,92,40,82,403,816,329,194,60,0,150,107,2
"sample.12",17,346,495,638,1210,207,117,135,520,316,1281,363,83,43,115,315,52,65,294,440,629,92,48,97,427,787,339,212,57,0,150,94,2
"sample.13",25,341,484,625,1249,214,105,127,473,296,1248,346,88,57,109,343,34,87,294,468,662,80,52,92,392,827,349,195,63,0,154,102,2
"sample.14",27,382,532,629,1248,237,86,138,478,314,1265,338,78,58,119,305,33,85,253,455,616,88,38,69,447,803,344,203,52,0,145,119,2
"sample.15",26,340,504,613,1247,232,97,140,461,310,1274,327,96,58,113,330,65,77,286,458,624,83,45,102,453,778,374,195,52,0,155,71,2
"sample.16",24,326,476,582,1255,226,119,117,494,306,1237,348,98,42,128,302,58,115,302,465,665,77,40,77,413,811,351,215,53,0,154,114,2
"sample.17",23,318,481,631,1160,212,128,131,464,312,1236,328,77,44,111,342,62,90,289,474,705,88,53,82,441,790,369,219,45,0,166,112,2
"sample.18",27,321,480,592,1199,204,113,126,512,332,1295,359,93,62,103,342,42,76,292,492,664,71,59,88,401,733,378,239,56,0,138,94,2
"sample.19",28,349,480,608,1208,223,114,133,510,327,1236,349,89,44,109,331,58,83,281,478,653,76,44,58,433,828,358,215,52,0,135,90,2
"sample.20",23,336,490,603,1210,223,120,142,499,352,1266,330,80,54,110,335,48,104,291,403,660,67,38,92,425,763,387,217,47,0,159,101,2
"sample.21",20,374,527,654,1243,209,126,124,483,305,1281,347,88,46,92,341,40,78,284,455,599,89,50,89,384,803,350,226,48,0,129,95,2
"sample.22",18,330,533,576,1240,206,97,137,501,329,1192,354,102,49,108,333,37,85,318,471,694,93,50,63,417,774,353,212,59,0,154,96,2
"sample.23",15,336,527,595,1294,218,99,126,536,288,1212,328,81,50,102,378,48,74,339,444,643,72,49,79,402,782,353,220,46,0,137,116,2
"sample.24",29,338,510,584,1262,187,129,134,522,284,1292,350,89,44,86,350,48,88,297,443,663,66,38,81,428,784,351,205,45,0,174,81,2
"sample.25",31,372,524,594,1301,211,103,126,484,315,1261,329,84,62,116,324,51,69,307,458,660,77,42,84,419,745,365,177,54,0,140,104,2
"sample.26",19,94,1064,87,134,107,543,135,171,132,191,441,943,29,85,193,33,97,26,129,35,397,587,1640,349,208,275,459,459,6,738,0,3
"sample.27",19,91,1087,93,111,108,564,115,157,125,197,414,923,35,93,184,34,128,19,167,39,390,556,1641,363,214,260,469,404,6,796,0,3
"sample.28",13,85,1081,82,121,96,526,147,167,125,200,414,943,34,75,187,41,150,19,159,41,397,538,1676,312,217,259,466,461,5,794,1,3
"sample.29",17,83,1057,96,116,106,567,131,140,130,202,433,981,20,74,159,33,108,13,147,35,372,588,1697,322,217,285,470,451,6,738,0,3
"sample.30",11,88,1009,87,112,115,526,127,153,130,209,421,991,37,89,190,44,97,11,125,42,378,560,1669,347,233,265,504,437,6,789,0,3
"sample.31",25,104,1089,89,92,116,580,134,175,111,208,419,925,35,77,204,39,119,24,135,33,390,565,1599,317,235,273,488,432,6,762,0,3
"sample.32",13,113,1096,90,116,114,525,104,164,128,189,483,944,37,85,191,52,120,24,115,39,385,576,1581,340,228,260,493,469,6,705,0,3
"sample.33",19,81,1081,71,117,108,570,110,147,118,180,456,948,25,89,179,35,103,29,128,40,365,575,1693,339,204,261,479,441,7,779,0,3
"sample.34",15,100,1124,65,115,102,569,131,160,114,188,439,1001,27,79,193,39,102,25,117,34,408,617,1579,326,206,266,495,428,6,723,0,3
"sample.35",13,125,1061,83,96,98,532,163,156,127,213,428,968,30,82,189,43,113,17,139,32,393,601,1664,326,192,253,512,439,7,683,1,3
"sample.36",13,112,1054,85,109,128,559,141,144,110,192,458,951,34,74,181,35,107,16,151,32,341,594,1681,293,195,272,486,453,6,792,0,3
"sample.37",12,116,1062,81,104,105,601,130,140,144,205,434,944,35,73,160,49,108,23,129,26,397,612,1636,351,220,265,464,426,7,707,0,3
"sample.38",21,92,1060,94,123,97,561,134,154,99,224,413,928,26,82,193,42,116,25,148,37,381,551,1654,308,264,275,493,457,6,753,0,3
"sample.39",11,123,1088,83,115,130,548,143,170,141,192,418,973,43,82,184,37,112,21,117,34,382,580,1625,308,226,240,465,453,8,699,0,3
"sample.40",11,109,1064,92,122,134,515,138,178,130,191,445,910,38,66,174,47,107,33,125,40,365,570,1691,327,214,279,475,465,6,720,1,3
"sample.41",10,104,1076,73,104,112,552,115,158,102,206,447,975,38,89,189,45,125,20,148,41,394,597,1674,327,211,248,454,455,6,709,0,3
"sample.42",14,114,1007,81,96,123,529,127,153,109,188,417,1006,21,70,173,34,113,26,129,40,417,616,1675,344,228,281,472,394,6,789,0,3
"sample.43",19,92,1125,68,109,115,560,109,176,126,190,415,955,43,86,186,45,112,22,124,48,412,571,1626,325,224,256,478,431,6,744,0,3
"sample.44",17,103,1135,82,121,134,536,143,147,104,209,422,917,23,78,215,32,109,20,105,43,417,604,1594,332,239,264,465,428,6,749,0,3
"sample.45",1328,41,3,162,623,182,108,782,221,241,15,64,356,24,482,350,189,216,455,656,123,6,943,646,146,98,81,422,305,0,712,11,4
"sample.46",1339,54,0,168,622,205,123,759,180,223,15,82,343,24,452,332,225,233,441,625,130,5,929,665,156,119,80,388,300,0,749,21,4
"sample.47",1306,32,0,152,662,205,81,764,208,235,17,77,377,15,434,330,205,252,461,633,122,8,937,674,124,106,81,412,295,0,774,12,4
"sample.48",1303,35,0,194,586,186,89,759,206,216,26,72,395,15,488,367,180,248,440,613,127,2,942,666,145,107,73,395,320,0,779,18,4
"sample.49",1335,35,2,161,600,199,107,750,225,227,21,89,369,27,421,354,217,246,426,608,123,13,953,697,161,97,94,382,299,0,739,11,4
"sample.50",1295,56,4,177,610,164,102,796,187,240,21,75,333,19,449,327,203,220,465,609,117,4,1031,702,162,101,88,390,311,0,720,10,4
"sample.51",1333,52,3,185,595,191,109,789,219,237,9,66,338,15,442,339,199,236,453,638,140,4,888,709,161,107,68,391,317,0,745,20,4
"sample.52",1395,45,3,159,626,173,100,807,177,254,7,72,374,24,463,326,228,196,444,600,139,7,942,661,150,111,83,348,328,0,735,17,4
"sample.53",1318,41,3,154,639,201,110,782,189,252,15,81,352,29,427,361,184,218,460,634,125,7,936,669,140,99,87,380,316,0,767,12,4
"sample.54",1290,48,0,158,625,213,115,768,221,233,12,63,382,24,420,350,187,251,422,662,149,3,877,676,132,108,72,430,306,0,788,6,4
"sample.55",1272,38,1,160,617,209,123,760,182,234,22,77,363,13,423,362,231,227,436,631,144,10,940,692,144,94,75,389,312,0,787,24,4
"sample.56",1297,45,2,164,610,202,93,737,197,249,13,84,406,21,470,373,213,218,432,653,128,4,956,654,148,88,78,379,293,0,763,15,4
"sample.57",1317,35,1,140,587,181,95,809,222,233,12,79,360,18,465,347,193,238,436,661,143,5,956,654,142,108,67,400,335,0,736,12,4
"sample.58",1339,43,2,148,633,187,109,749,206,237,20,76,383,23,410,335,222,236,479,641,115,8,981,633,138,87,80,366,338,0,750,16,4
"sample.59",1251,39,1,133,640,197,108,791,208,233,20,66,360,10,435,373,205,255,448,667,128,3,933,743,152,117,78,349,295,0,742,16,4
"sample.60",1323,34,0,160,634,181,85,765,194,222,14,69,348,17,476,334,208,236,460,628,156,5,954,713,125,107,75,388,306,0,768,7,4
"sample.61",1352,46,0,137,669,203,91,760,190,237,18,71,317,23,445,364,198,245,468,637,120,7,932,700,141,102,74,362,316,0,755,13,4
"sample.62",1321,51,2,136,660,224,101,748,231,235,24,67,370,13,460,350,221,221,438,620,132,4,976,648,148,96,85,372,308,0,716,17,4
"sample.63",1346,45,4,136,605,176,105,781,211,230,19,70,370,20,443,356,209,234,449,655,133,11,941,696,141,99,66,352,313,0,755,19,4
"sample.64",1339,39,1,154,614,200,101,748,222,276,9,61,360,16,417,343,219,220,432,627,138,14,948,664,145,108,74,383,302,0,801,14,4
"sample.65",1271,48,3,136,561,188,113,755,201,235,12,86,384,21,421,339,203,243,477,664,156,9,948,684,173,122,83,374,322,0,741,15,4
"sample.66",1364,53,3,162,636,190,95,762,208,231,13,85,369,25,442,324,187,231,493,653,123,6,875,670,138,83,87,349,309,0,805,16,4
"sample.67",1345,35,1,127,644,215,110,751,222,251,12,85,385,17,440,308,208,240,466,626,127,7,929,647,128,97,73,378,331,0,766,13,4
"sample.68",1323,46,1,168,591,187,105,761,203,234,11,69,352,26,425,344,213,236,482,635,138,7,966,669,143,121,76,386,344,0,718,17,4
"sample.69",1334,37,0,161,611,177,110,764,200,229,20,78,382,27,429,366,202,244,489,646,133,7,918,679,138,108,71,340,320,0,756,15,4
"sample.70",1390,38,2,160,638,169,120,760,207,241,12,71,388,24,424,327,192,218,468,622,158,5,897,696,136,86,72,391,293,0,771,16,4
"sample.71",1287,52,2,148,635,196,95,823,194,244,14,84,385,17,445,354,200,203,468,645,136,8,957,660,141,115,73,355,302,0,740,13,4
"sample.72",1361,40,2,137,658,201,115,724,194,242,23,92,346,22,449,340,184,214,504,677,153,5,928,639,127,88,88,374,322,0,730,13,4
"sample.73",1316,38,1,144,657,191,94,731,212,244,19,70,381,15,440,312,196,228,486,655,130,14,885,682,127,127,80,380,310,0,809,16,4
"sample.74",1334,46,1,144,638,168,118,804,202,251,19,64,357,11,438,350,209,237,485,622,117,8,963,641,146,87,74,388,316,0,731,12,4
"sample.75",1253,41,0,156,613,209,119,785,203,236,17,89,392,25,439,357,212,253,450,621,133,16,927,663,156,131,79,363,304,0,741,10,4
"sample.76",1378,43,2,145,651,180,125,731,233,249,13,64,369,27,437,324,216,237,474,608,127,5,946,677,125,112,74,316,322,0,768,14,4
"sample.77",1303,38,1,154,629,166,102,716,211,241,12,73,370,22,445,349,189,234,486,654,142,8,958,667,138,110,63,378,353,0,759,18,4
"sample.78",1299,38,1,135,555,219,109,814,232,230,15,81,350,17,445,360,205,233,469,641,154,11,907,676,149,101,63,360,327,0,771,19,4
"sample.79",1344,45,3,157,549,182,120,734,215,222,20,80,431,19,446,335,213,256,464,581,146,9,911,718,150,100,91,367,343,0,735,10,4
"sample.80",1263,52,5,159,640,193,113,731,205,240,21,77,388,20,432,323,204,235,475,631,157,3,942,698,148,119,78,352,320,0,755,8,4
"sample.81",1322,51,2,157,633,195,88,749,188,245,23,78,349,26,471,337,188,236,470,598,142,9,963,694,155,106,93,358,301,0,742,24,4
"sample.82",1293,58,1,127,564,182,96,794,204,232,11,77,389,17,434,358,202,237,488,685,121,8,939,649,159,89,71,396,332,0,760,15,4
"sample.83",1318,40,1,153,631,187,96,799,228,229,25,68,373,24,455,326,212,236,474,612,132,9,932,668,135,120,72,348,301,0,773,16,4
"sample.84",1373,52,2,149,652,183,94,740,205,223,15,86,361,21,457,346,180,246,466,620,129,11,959,647,127,116,91,363,315,0,745,19,4
"sample.85",1370,37,3,142,599,183,99,761,217,237,11,85,364,23,409,347,219,216,463,679,157,6,938,658,135,100,92,363,307,0,762,13,4
"sample.86",1342,44,0,158,609,176,101,770,200,247,12,61,393,17,455,356,201,207,432,642,137,10,942,673,138,105,77,364,326,0,775,17,4
"sample.87",1316,39,1,176,617,181,108,750,223,246,16,67,340,17,451,332,212,225,473,596,125,8,958,728,134,86,84,363,328,0,779,12,4
"sample.88",1348,44,0,149,653,199,106,708,208,239,12,74,374,21,473,355,211,238,457,603,140,8,938,694,133,85,74,406,297,0,734,11,4
"sample.89",1320,34,1,161,632,187,95,772,215,263,12,81,350,24,448,367,200,224,461,664,133,11,928,673,137,109,68,345,303,0,759,16,4
"sample.90",1320,43,1,148,675,188,114,793,176,241,17,61,372,21,411,343,217,228,496,669,159,6,929,653,148,93,72,360,299,0,731,13,4
"sample.91",1335,45,0,153,596,187,94,764,220,237,14,74,365,15,405,376,199,252,470,634,140,3,929,690,147,94,64,377,331,0,764,16,4
"sample.92",1347,48,3,147,618,173,103,735,213,215,7,62,372,19,490,338,189,259,497,646,138,15,935,666,137,94,75,363,295,0,776,15,4
"sample.93",1364,40,2,142,606,166,87,751,225,249,15,82,355,19,420,325,210,271,484,673,135,6,914,699,145,87,79,382,317,0,725,16,4
"sample.94",1347,42,2,155,580,174,105,767,191,240,11,66,371,15,425,358,206,225,486,665,138,12,947,668,131,100,69,382,318,0,783,14,4
"sample.95",1240,50,2,143,622,170,98,787,221,244,24,57,355,10,450,318,216,245,456,690,134,5,971,671,143,118,91,383,325,0,737,16,4
"sample.96",1311,43,1,160,602,174,93,816,196,244,20,76,340,23,443,317,197,239,457,663,138,5,885,702,155,105,75,383,305,0,800,17,4
"sample.97",1263,54,1,142,653,190,114,716,226,248,12,72,357,18,455,365,190,233,472,627,123,7,932,672,151,94,75,382,344,0,787,15,4
"sample.98",1339,50,0,171,603,187,104,760,215,213,15,66,378,20,386,344,175,232,491,673,129,13,970,681,141,111,69,356,338,0,733,23,4
"sample.99",1299,32,2,165,628,224,108,771,200,225,18,75,381,26,477,342,218,227,457,656,134,7,908,641,130,99,85,372,333,0,735,14,4
"sample.100",1352,25,4,153,629,200,97,804,207,260,17,67,407,23,433,338,202,241,459,634,120,6,904,702,145,103,69,329,333,0,714,15,4
"sample.101",1359,43,0,134,612,196,101,790,194,232,20,77,375,27,416,350,190,232,502,647,125,4,955,660,131,94,99,372,310,0,729,13,4
"sample.102",1307,42,5,139,590,177,119,782,205,228,17,86,367,18,433,339,222,241,471,661,121,16,981,662,121,109,71,391,287,0,772,11,4
"sample.103",1273,28,1,167,645,202,111,772,185,257,12,62,344,16,453,359,182,206,456,666,152,9,975,672,128,126,79,398,313,0,727,17,4
"sample.104",1320,36,2,149,587,191,97,805,196,226,16,73,351,17,433,325,188,234,431,651,149,9,935,697,155,108,82,405,320,0,784,19,4
"sample.105",1257,38,1,163,567,204,109,802,215,256,16,73,370,17,491,335,222,242,464,627,133,6,906,683,155,108,83,367,319,0,749,16,4
"sample.106",1369,56,3,147,619,195,101,787,190,231,18,65,348,16,430,364,214,237,468,639,114,10,982,662,139,103,78,336,307,0,747,18,4
"sample.107",1337,41,1,160,607,179,112,757,179,217,18,69,370,10,474,329,205,242,459,628,125,3,957,684,141,90,77,405,329,0,774,12,4
"sample.108",1294,56,3,156,597,187,108,755,200,257,22,68,345,26,470,352,206,234,453,679,147,9,952,677,121,111,82,385,290,0,743,6,4
"sample.109",1356,41,0,143,633,190,91,731,202,252,11,72,376,26,447,318,220,224,473,610,154,9,922,660,154,86,78,414,337,0,753,5,4
"sample.110",1369,37,1,159,624,176,92,780,218,223,16,82,378,20,440,347,211,239,466,689,125,9,912,622,149,119,71,357,308,0,749,8,4
"sample.111",1308,41,1,169,600,173,105,763,197,266,22,73,398,16,479,334,166,236,468,655,127,7,967,650,144,103,70,360,299,0,782,9,4
"sample.112",1336,35,1,147,624,175,132,735,208,274,12,73,392,22,460,307,220,239,446,659,132,6,898,685,124,97,73,347,320,0,794,15,4
"sample.113",1276,44,2,177,632,182,88,752,194,241,18,79,401,20,459,302,217,274,441,655,128,6,964,716,139,129,77,364,285,0,718,12,4
"sample.114",1284,54,0,147,609,181,111,746,196,231,20,71,363,13,445,347,238,237,490,660,154,10,970,619,142,96,70,365,320,0,791,12,4
"sample.115",1338,38,1,150,612,187,114,768,219,240,12,74,375,15,413,360,179,215,499,625,148,11,900,704,150,106,88,375,310,0,753,16,4
"sample.116",1332,42,1,133,662,183,115,743,198,228,13,69,370,17,456,332,208,243,466,648,141,6,949,662,144,95,78,361,329,0,747,16,4
"sample.117",1356,40,0,151,620,188,115,716,187,244,13,65,354,12,417,354,216,208,454,726,143,7,932,657,151,98,81,371,323,0,775,17,4
"sample.118",1362,34,2,154,633,184,87,786,209,258,17,63,370,20,463,332,190,225,470,658,144,4,893,680,135,107,78,378,293,0,747,16,4
"sample.119",1284,41,1,163,639,191,116,762,215,233,22,82,341,19,409,351,201,236,460,633,153,3,917,750,155,97,78,361,312,0,747,15,4
"sample.120",1348,37,1,124,626,178,95,787,207,241,18,68,363,22,431,361,198,272,468,639,126,5,895,657,150,112,67,390,289,0,804,15,4
"sample.121",1344,28,3,159,605,186,108,791,211,256,13,64,345,23,439,356,216,247,449,623,126,2,981,667,127,98,68,359,296,0,787,16,4
"sample.122",1331,53,0,139,632,168,102,737,221,242,17,70,374,19,463,342,199,212,476,649,136,7,959,683,131,102,76,391,297,0,749,16,4
"sample.123",1295,52,2,151,593,190,101,706,197,226,11,70,358,20,451,358,205,242,472,626,154,10,1003,708,129,116,69,382,364,0,714,17,4
"sample.124",1249,41,1,147,648,197,120,790,224,262,14,82,369,23,466,322,212,226,450,628,121,7,897,667,156,100,91,379,325,0,756,16,4
"sample.125",1340,41,1,160,619,218,116,739,196,230,13,63,408,19,431,322,193,233,509,653,127,6,939,723,133,99,66,348,304,0,729,13,4
"sample.126",1396,41,3,146,614,204,95,748,198,238,23,89,351,26,445,352,196,267,436,644,133,8,940,625,128,117,78,339,317,0,776,16,4
"sample.127",1326,43,0,158,605,187,104,781,207,243,10,50,358,19,488,307,189,236,465,681,152,6,879,691,152,106,70,403,305,0,757,14,4
"sample.128",1308,36,2,147,622,181,109,749,226,251,13,72,352,18,430,323,242,247,442,699,122,8,958,659,143,97,76,365,324,0,748,21,4
"sample.129",1344,40,3,183,618,178,90,764,216,233,14,68,347,16,462,351,187,235,477,712,102,4,979,650,145,101,81,399,293,0,678,17,4
"sample.130",1307,43,0,140,610,194,100,809,211,257,23,80,385,23,405,350,195,248,461,610,143,8,901,707,134,88,77,357,310,0,801,15,4
"sample.131",1310,51,1,144,636,173,105,766,207,245,16,71,418,14,405,367,227,228,476,584,147,6,978,681,143,102,88,378,264,0,746,14,4
"sample.132",1318,48,2,142,611,195,100,757,221,230,17,80,341,14,394,362,223,207,485,673,116,8,924,679,154,97,85,369,360,0,768,15,4
"sample.133",1348,42,1,145,621,200,101,799,216,222,13,58,382,25,446,316,230,241,445,648,146,5,959,658,147,100,64,385,270,0,740,16,4
"sample.134",1322,38,1,139,613,201,97,760,211,234,14,80,352,15,410,350,207,226,485,603,153,8,979,698,140,97,64,371,328,0,774,20,4
"sample.135",1332,49,1,130,608,214,117,761,216,235,16,74,350,20,407,350,192,213,483,649,137,10,941,671,151,101,87,412,321,0,740,7,4
"sample.136",1299,44,0,144,647,212,98,764,226,251,17,88,400,19,419,345,216,222,448,612,108,3,968,701,128,110,61,379,298,0,748,19,4
"sample.137",1349,53,0,159,725,175,111,762,199,218,17,76,381,20,424,324,211,234,440,659,135,7,910,688,149,103,69,332,314,0,739,14,4
"sample.138",1358,52,0,153,621,195,101,744,192,230,11,60,354,15,497,354,211,251,497,644,146,7,924,619,153,114,65,374,314,0,729,10,4
"sample.139",1301,49,1,160,621,208,92,772,211,230,15,62,343,16,414,350,183,248,464,646,147,11,953,734,137,97,75,397,321,0,725,9,4
"sample.140",1309,44,2,130,636,178,98,803,222,214,17,71,392,16,470,310,210,229,450,663,146,8,942,696,123,95,76,395,301,0,731,15,4
"sample.141",1314,50,1,159,602,204,115,771,201,247,13,77,381,14,489,364,193,257,454,642,134,6,881,663,149,120,75,344,330,0,726,13,4
"sample.142",1318,52,2,173,617,171,116,754,222,238,17,56,356,16,463,335,230,212,478,607,130,3,937,669,152,120,82,357,306,0,790,13,4
"sample.143",1287,44,1,167,632,200,108,790,212,234,15,65,372,20,445,347,191,223,454,629,126,6,954,658,129,127,77,382,318,0,767,11,4
"sample.144",1311,40,0,166,608,203,111,841,211,235,23,70,378,13,442,360,211,222,429,669,130,8,888,709,142,98,73,374,281,0,727,21,4
"sample.145",1315,38,2,156,627,202,90,804,188,236,13,80,353,23,408,329,213,251,416,649,145,9,923,700,129,121,60,386,325,0,788,17,4
"sample.146",1332,53,0,157,633,189,112,767,189,238,18,58,372,23,437,368,235,247,466,675,143,10,898,674,129,86,83,355,304,0,723,16,4
"sample.147",1334,36,3,141,599,208,93,775,211,233,10,88,371,14,455,340,215,266,453,630,134,6,889,682,133,113,82,405,348,0,708,16,4
"sample.148",1305,44,2,129,644,181,100,770,190,240,16,61,383,25,449,342,186,234,489,695,127,9,912,689,128,106,73,417,307,0,731,9,4
"sample.149",1284,50,3,159,657,167,102,799,229,227,12,64,390,15,443,332,219,226,459,654,139,13,920,635,151,108,67,382,310,0,757,14,4
"sample.150",1335,43,0,169,614,188,117,774,205,247,16,71,338,17,420,337,192,250,484,647,147,7,931,656,141,120,84,375,298,0,757,14,4
"sample.151",1374,30,1,140,659,187,108,785,217,235,18,61,355,18,448,358,201,243,448,661,152,9,896,691,122,110,77,349,295,0,742,6,4
"sample.152",1357,43,2,156,591,182,82,755,196,244,17,76,392,21,467,319,226,215,423,643,131,5,1016,674,150,97,69,382,284,0,768,13,4
"sample.153",1289,47,1,146,603,194,108,760,210,246,22,67,356,27,441,358,207,252,458,648,141,4,967,670,135,114,64,382,293,0,768,13,4
"sample.154",1319,54,0,158,624,187,92,763,217,275,18,65,341,25,440,331,191,233,483,651,160,8,980,658,136,93,97,339,319,0,721,14,4
"sample.155",1335,44,0,143,611,198,97,758,211,254,11,72,377,13,437,345,214,242,481,638,123,9,980,642,133,117,84,353,343,0,715,14,4
"sample.156",1311,36,3,152,607,174,111,724,192,245,20,71,384,17,449,352,189,226,463,666,132,10,923,693,138,110,76,385,306,0,802,22,4
"sample.157",1341,46,2,152,597,201,92,766,222,227,16,69,360,22,464,303,205,263,442,642,149,7,926,675,159,131,82,383,286,0,739,15,4
"sample.158",1282,36,1,163,594,180,106,810,197,222,21,71,323,16,437,356,213,260,497,646,168,13,894,676,142,117,86,370,306,0,768,22,4
"sample.159",1384,37,0,147,620,179,92,745,195,230,13,64,353,22,432,326,196,256,482,612,155,3,933,689,154,113,80,372,315,0,781,14,4
"sample.160",1287,53,4,147,618,185,99,783,201,273,14,87,388,17,434,335,219,232,472,659,148,7,943,668,137,96,83,378,271,0,736,20,4
"sample.161",1357,40,2,155,592,209,82,723,211,278,10,73,363,18,442,370,200,217,458,666,122,8,940,689,144,102,71,378,307,0,751,13,4
"sample.162",1311,36,2,165,601,199,101,764,191,245,10,58,368,21,456,337,192,220,476,644,142,8,928,697,149,108,73,373,307,0,793,15,4
"sample.163",1283,43,3,144,624,185,106,744,216,233,22,67,394,9,449,366,202,239,478,656,163,2,915,699,136,83,63,386,274,0,793,14,4
"sample.164",1291,38,1,136,595,200,106,770,211,209,20,67,401,19,448,357,209,252,444,623,124,6,964,684,137,121,67,375,329,0,774,12,4
"sample.165",1341,44,1,172,593,172,100,783,186,249,19,68,364,17,437,344,194,255,462,683,128,5,947,662,140,113,70,371,313,0,747,15,4
"sample.166",1314,40,0,152,642,179,108,760,198,236,20,82,355,14,460,373,205,223,458,648,120,10,916,706,155,100,69,379,310,0,744,17,4
"sample.167",1280,31,0,130,656,182,107,739,209,241,12,83,373,20,451,364,199,262,422,625,128,9,964,743,139,95,68,363,330,0,759,12,4
"sample.168",1340,42,2,153,612,197,104,760,207,241,16,79,325,14,457,354,194,239,489,647,126,8,935,695,146,124,72,378,291,0,735,12,4
"sample.169",1340,44,2,117,577,180,108,759,211,222,15,83,373,20,491,347,183,258,482,641,150,6,907,653,143,112,83,403,305,0,758,17,4
"sample.170",1243,36,0,146,623,189,115,788,209,250,16,72,373,26,474,298,200,215,474,628,137,11,955,661,144,113,79,398,334,0,765,19,4
"sample.171",1345,37,1,133,617,182,94,754,217,244,24,76,348,22,496,337,186,240,448,638,141,5,941,669,160,116,68,389,324,0,724,15,4
"sample.172",1323,28,2,150,604,172,86,759,225,277,15,70,366,21,449,357,194,224,447,654,142,9,924,701,127,100,64,382,307,0,798,15,4
"sample.173",1304,55,0,145,655,191,101,702,205,239,21,76,363,21,483,321,217,236,456,663,138,8,937,701,132,115,62,367,326,0,740,13,4
"sample.174",1400,42,3,143,571,163,86,777,220,218,15,68,364,21,449,326,184,266,479,627,137,9,909,682,132,120,95,371,339,0,766,10,4
"sample.175",1340,39,1,136,623,185,104,766,230,251,8,75,336,12,472,360,192,231,467,652,155,5,909,702,140,110,71,354,304,0,742,16,4
"sample.176",1321,49,0,164,652,201,111,711,208,239,16,66,366,22,427,324,220,243,473,702,144,12,888,645,136,112,82,374,321,0,747,15,4
"sample.177",1342,43,2,135,610,186,113,809,201,257,17,70,352,22,438,351,182,232,475,655,139,9,900,622,128,119,82,409,299,0,784,10,4
"sample.178",1319,48,0,138,600,174,101,761,209,248,8,84,398,11,421,344,216,225,486,644,140,5,938,666,155,112,75,385,293,0,770,18,4
"sample.179",1333,38,0,148,646,187,116,741,204,249,22,79,377,21,441,352,193,238,467,634,125,9,928,649,158,102,78,418,294,0,733,13,4
"sample.180",1335,44,1,140,611,202,98,752,212,252,18,84,386,28,415,345,205,225,487,664,155,6,941,656,121,91,86,370,300,0,745,14,4
"sample.181",1315,35,3,116,627,200,109,741,184,283,18,82,337,25,471,329,211,247,472,676,120,12,947,666,139,102,76,391,308,0,731,15,4
"sample.182",1362,37,3,149,590,178,91,770,185,260,15,72,348,20,474,365,189,245,442,637,137,9,935,690,120,103,79,383,324,0,775,7,4
"sample.183",1290,47,2,168,646,175,118,792,221,244,21,85,355,16,449,351,195,230,412,640,144,7,894,666,144,112,67,412,334,0,744,11,4
"sample.184",1276,47,2,157,628,192,107,761,199,245,25,82,339,18,423,318,207,289,447,609,137,8,980,711,150,81,82,351,320,0,784,18,4
"sample.185",1330,33,0,151,641,193,107,755,192,230,23,81,380,19,426,326,196,256,441,679,142,11,898,706,142,87,65,389,323,0,750,16,4
"sample.186",1312,39,2,178,628,194,106,794,196,225,13,76,376,25,407,365,182,263,469,649,133,7,910,689,134,85,74,398,285,0,766,13,4
"sample.187",1359,34,2,159,610,189,109,790,207,243,17,70,348,16,433,360,196,259,479,613,133,7,949,720,131,92,93,319,298,0,742,17,4
"sample.188",1370,49,2,160,628,189,97,730,228,230,20,91,378,20,433,330,196,245,419,700,130,11,938,676,145,113,82,356,283,0,731,11,4
"sample.189",1354,42,0,145,633,180,129,778,186,257,13,66,356,18,444,360,202,244,427,641,116,6,947,643,151,108,73,392,294,0,771,17,4
"sample.190",1253,39,0,151,600,209,108,778,186,273,11,82,371,16,447,363,207,233,451,656,153,5,961,659,143,114,61,371,280,0,792,16,4
"sample.191",1311,47,3,160,628,188,106,745,221,227,18,66,369,24,427,355,193,238,483,643,130,8,914,693,135,110,95,381,325,0,733,13,4
"sample.192",1323,34,4,138,590,196,111,797,203,234,14,56,407,14,444,380,203,247,414,655,130,6,931,692,127,110,69,416,307,0,732,13,4
"sample.193",1369,42,1,145,637,182,108,738,208,265,11,82,358,17,442,358,176,224,449,658,134,11,932,714,143,96,77,355,299,0,744,23,4
"sample.194",1321,36,1,133,621,206,125,752,252,235,21,74,385,21,442,324,190,250,513,629,132,10,932,667,135,114,79,364,292,0,723,14,4
"sample.195",1282,49,2,169,604,194,116,765,188,257,17,67,384,13,474,333,189,241,468,642,142,11,931,652,161,103,84,381,294,0,765,15,4
"sample.196",1342,51,1,165,564,191,107,754,212,265,12,61,396,15,431,348,205,224,507,697,132,8,927,607,156,106,69,390,306,0,735,10,4
"sample.197",1310,44,2,141,588,176,110,785,220,239,13,73,350,19,454,352,183,241,506,669,130,10,892,677,161,108,77,349,309,0,795,8,4
"sample.198",1360,48,0,133,608,187,105,779,215,233,11,80,376,17,438,333,205,243,476,637,145,5,914,694,145,102,74,352,287,0,777,16,4
"sample.199",1353,35,1,141,605,196,102,744,216,236,22,70,312,22,490,375,201,251,443,658,147,10,977,647,148,100,85,361,319,0,707,17,4
"sample.200",1263,37,0,163,625,219,118,756,216,239,9,61,395,21,457,349,207,254,439,683,128,8,923,662,144,97,65,355,313,0,781,9,4
"sample.201",1305,50,2,155,643,189,95,734,222,240,18,58,342,21,459,326,192,233,495,648,147,8,977,715,142,98,81,358,304,0,724,12,4
"sample.202",1341,54,2,157,598,202,102,676,217,247,23,74,358,19,465,359,182,238,474,652,146,9,978,671,132,106,51,389,288,0,763,18,4
"sample.203",1368,26,1,122,610,192,110,741,207,255,15,80,390,21,476,326,192,249,475,617,134,8,920,699,145,103,68,363,331,0,730,15,4
"sample.204",1296,57,5,157,608,186,88,774,213,275,22,63,343,14,421,348,203,251,496,670,154,8,911,664,153,86,67,357,311,0,763,21,4
"sample.205",1290,39,3,136,633,214,110,786,215,225,16,77,388,18,467,331,215,217,474,643,145,7,954,651,142,93,75,364,296,0,745,24,4
"sample.206",1345,47,0,148,623,183,110,760,209,241,20,67,331,17,456,320,187,222,484,657,133,7,936,726,145,90,71,364,312,0,762,15,4
"sample.207",1338,48,2,154,594,204,100,744,210,229,17,82,360,14,492,350,192,250,454,624,139,7,920,658,141,99,98,340,339,0,777,15,4
"sample.208",1326,39,1,160,602,185,114,779,174,263,5,74,361,12,425,367,207,246,426,640,153,9,979,649,139,102,93,365,330,0,751,8,4
"sample.209",1372,45,0,145,647,176,113,745,214,237,17,67,367,17,434,356,218,240,437,664,139,4,934,614,145,98,87,372,328,0,741,19,4
"sample.210",1330,44,0,179,623,173,102,746,188,247,17,70,398,22,446,350,183,241,461,636,142,10,971,626,150,116,70,367,321,0,757,9,4
"sample.211",1326,44,0,133,627,198,108,761,210,249,21,70,372,14,466,339,212,236,448,602,132,5,960,668,141,102,86,382,313,0,763,9,4
"sample.212",1300,36,5,131,613,160,86,799,210,237,11,78,398,18,491,337,203,239,475,644,124,7,878,719,145,121,80,384,317,0,723,21,4
"sample.213",1294,42,2,136,636,199,100,778,200,256,7,54,374,17,474,349,202,228,474,677,138,14,910,706,129,97,67,356,296,0,767,16,4
"sample.214",1298,46,2,143,636,192,104,794,199,232,16,83,402,18,427,358,191,225,456,628,148,8,932,679,138,106,84,387,281,0,771,8,4
"sample.215",1320,42,1,142,623,219,107,787,210,240,14,71,351,12,458,340,211,252,453,626,116,8,913,651,144,95,78,379,354,0,759,17,4
"sample.216",1322,42,3,130,652,187,117,751,199,264,21,74,358,10,446,355,217,224,449,661,131,6,960,704,140,118,77,366,302,0,688,13,4
"sample.217",1318,43,0,127,602,196,88,780,225,247,19,61,351,16,427,331,180,220,483,592,143,9,996,700,139,118,71,412,327,0,747,21,4
"sample.218",1334,37,6,138,656,203,99,714,200,240,13,82,349,11,449,365,197,235,448,676,137,10,934,690,153,114,63,360,296,0,769,14,4
"sample.219",1354,28,1,145,578,209,122,804,204,249,20,67,366,18,456,319,225,260,478,626,145,8,915,644,144,106,74,400,299,0,711,18,4
"sample.220",1339,45,1,156,603,188,103,787,198,252,12,69,389,12,439,298,222,216,493,630,122,4,926,742,152,117,70,335,305,0,756,9,4
"sample.221",1320,31,2,137,606,180,99,761,219,250,20,78,362,24,470,327,244,262,446,617,140,6,972,681,138,113,71,356,292,0,756,12,4
"sample.222",1392,43,0,168,575,197,100,766,191,225,15,59,358,14,431,356,183,229,466,648,134,6,925,692,132,119,87,375,331,0,755,17,4
"sample.223",1341,50,0,132,649,187,117,762,215,226,17,75,339,24,497,342,208,230,454,644,140,7,964,631,145,100,80,371,282,0,740,21,4
"sample.224",1303,40,2,137,643,194,105,721,199,268,12,72,366,21,458,333,210,233,476,639,119,5,945,685,135,104,86,414,303,0,752,12,4
"sample.225",1348,31,2,163,615,176,111,789,218,228,13,80,385,16,435,334,214,244,472,653,139,8,930,659,121,112,67,383,299,0,737,13,4
"sample.226",1290,44,0,139,609,188,112,746,168,219,24,68,366,15,462,362,187,229,486,626,141,9,924,712,146,122,69,367,363,0,785,13,4
"sample.227",1359,36,2,148,639,180,108,725,203,243,16,68,382,18,444,315,202,226,452,626,141,7,952,705,141,108,78,409,308,0,740,13,4
"sample.228",1356,37,4,160,622,187,99,751,204,240,16,77,352,11,435,379,211,219,465,616,159,11,943,659,127,112,95,365,305,0,760,11,4
"sample.229",1310,50,0,154,576,187,121,696,226,238,17,69,369,24,451,357,195,236,496,615,159,9,903,686,149,100,87,377,345,0,776,10,4
"sample.230",1350,34,1,147,607,187,110,718,218,249,10,75,389,15,428,329,192,271,495,629,136,9,942,690,147,106,80,359,315,0,741,16,4
"sample.231",1342,44,2,155,603,216,99,759,186,217,17,84,349,23,407,360,212,226,479,679,131,10,1017,640,146,101,70,360,308,0,732,19,4
"sample.232",1338,45,2,151,585,186,103,765,209,249,21,80,357,22,424,328,218,250,480,650,138,6,900,669,119,105,82,388,323,0,785,11,4
"sample.233",1354,33,0,146,650,192,106,742,189,248,15,64,347,16,456,327,218,238,472,643,145,9,962,620,147,84,75,386,328,0,770,13,4
"sample.234",1301,33,1,156,624,201,109,803,187,230,14,82,371,13,436,324,192,246,461,665,134,4,943,684,124,116,90,381,306,0,749,12,4
"sample.235",1324,34,4,130,637,201,106,767,187,240,20,64,336,12,449,318,213,268,451,638,133,10,970,663,152,108,72,349,324,0,791,18,4
"sample.236",1362,41,1,162,598,163,97,770,194,214,24,85,386,23,449,365,216,233,485,656,131,11,914,657,151,115,59,354,320,0,745,10,4
"sample.237",1335,31,3,138,632,223,98,744,205,240,17,76,351,21,440,349,213,219,489,586,141,3,933,744,140,111,56,395,316,0,724,18,4
"sample.238",1381,36,1,152,601,192,98,789,221,243,20,77,342,20,457,345,225,204,471,626,129,3,940,667,135,103,78,365,289,0,761,18,4
"sample.239",1333,31,1,147,609,183,111,775,228,210,22,89,354,22,475,352,236,213,445,634,141,7,896,642,151,121,80,365,343,0,758,15,4
"sample.240",1309,49,3,154,684,179,118,771,205,229,16,67,325,7,464,349,189,237,459,630,106,5,941,684,148,104,82,367,328,0,776,9,4
"sample.241",1323,41,2,151,618,177,111,798,196,226,14,72,373,20,444,346,206,203,463,647,138,5,957,682,140,96,73,374,303,0,783,11,4
"sample.242",1268,40,2,163,616,206,101,748,198,243,19,86,375,23,414,325,218,232,449,687,135,11,965,688,128,113,75,378,334,0,734,18,4
"sample.243",1362,49,0,144,649,161,96,744,213,240,22,74,373,21,453,316,202,218,473,592,128,15,970,678,175,110,89,373,309,0,726,15,4
"sample.244",1333,41,0,136,570,214,104,765,190,232,22,82,386,23,439,378,197,230,492,661,130,9,931,656,146,104,61,387,315,0,741,16,4
"sample.245",1346,42,3,168,636,195,113,777,232,221,18,73,337,18,450,347,230,245,452,622,116,7,914,692,148,117,90,346,313,0,706,15,4
"sample.246",1325,44,1,125,640,191,105,779,217,244,14,70,387,26,439,364,212,241,464,661,138,5,929,630,129,101,77,369,324,0,724,20,4
"sample.247",1392,42,3,152,591,175,103,704,194,228,19,72,354,12,467,310,196,257,505,652,138,6,962,678,141,106,83,364,334,0,732,14,4
"sample.248",1321,39,0,154,681,182,110,735,188,238,16,76,364,19,433,340,214,234,468,634,137,8,924,634,144,110,83,407,321,0,764,13,4
"sample.249",1253,46,1,146,591,211,110,749,199,247,26,72,360,21,427,343,214,250,459,655,145,10,955,683,154,93,80,392,338,0,744,15,4
"sample.250",1344,45,2,156,598,196,118,787,193,221,18,77,323,12,461,320,211,237,462,703,148,4,943,649,140,110,74,362,321,0,746,12,4
"sample.251",1426,38,2,148,649,194,102,739,213,239,21,67,402,27,441,329,186,232,454,637,134,8,907,712,130,97,71,346,322,0,710,14,4
"sample.252",1370,49,0,161,617,190,90,748,222,261,13,68,376,19,423,359,191,238,452,648,125,3,908,692,145,95,65,349,320,0,780,17,4
"sample.253",1310,36,1,150,649,210,92,798,205,229,22,70,357,31,452,342,216,217,473,624,141,8,932,683,137,104,73,369,297,0,751,15,4
"sample.254",1309,35,0,177,613,175,98,788,211,230,15,67,357,16,453,346,230,222,457,661,134,9,999,639,176,98,79,364,304,0,718,16,4
"sample.255",1393,48,3,159,626,202,105,773,194,258,13,68,363,17,433,358,205,204,456,679,131,7,903,645,121,122,72,381,295,0,753,8,4
"sample.256",1380,41,2,129,633,200,104,733,238,253,18,78,375,17,422,327,219,239,461,652,140,11,927,645,143,118,70,376,297,0,737,10,4
"sample.257",1322,45,1,167,580,172,100,796,207,201,16,66,373,15,495,362,195,244,458,630,150,15,926,692,158,98,72,358,313,0,751,9,4
"sample.258",1366,42,0,150,647,202,107,750,232,233,14,64,370,23,442,325,208,205,494,631,136,6,926,677,118,100,82,346,320,0,765,10,4
"sample.259",1338,44,1,145,639,183,108,756,188,245,13,86,346,17,449,383,222,239,474,610,136,10,897,652,145,89,65,387,312,0,799,15,4
"sample.260",1369,53,3,152,648,190,95,746,188,247,17,61,388,20,430,325,208,203,456,666,129,7,936,672,164,115,87,353,297,0,752,14,4
"sample.261",1335,40,1,135,610,199,93,789,190,249,17,66,360,19,442,358,198,230,475,659,114,9,901,666,134,115,79,388,351,0,750,18,4
"sample.262",1324,45,2,152,592,206,112,792,229,230,15,100,364,20,402,356,230,242,462,619,124,11,940,685,134,105,68,357,322,0,738,14,4
"sample.263",1322,43,1,152,590,197,108,728,201,246,22,88,404,24,431,348,209,226,479,621,145,9,875,716,163,106,76,404,313,0,733,14,4
"sample.264",1331,43,0,158,646,189,89,776,204,252,14,69,374,28,456,332,203,224,480,590,146,10,873,702,138,116,87,388,299,0,760,13,4
"sample.265",1342,33,3,149,618,219,86,757,207,238,19,76,372,29,429,339,198,255,445,681,122,5,913,702,137,123,84,345,312,0,741,15,4
"sample.266",1330,40,2,156,578,198,108,811,206,212,15,73,380,20,459,389,214,205,444,597,140,10,941,712,139,99,80,393,304,0,715,18,4
"sample.267",1301,43,0,159,569,202,117,765,225,250,14,78,381,16,429,335,199,237,493,665,141,6,939,681,142,95,67,352,309,0,771,12,4
"sample.268",1325,37,1,136,614,191,108,743,194,258,19,82,390,22,438,329,211,243,491,681,128,5,972,631,138,99,71,341,330,0,751,13,4
"sample.269",1320,48,0,144,638,180,128,744,196,216,18,74,365,19,449,346,218,219,481,680,131,9,924,707,137,116,70,330,336,0,738,10,4
"sample.270",1311,39,1,163,643,200,117,769,212,247,9,63,362,22,482,317,222,219,471,613,142,10,940,670,112,95,70,371,312,0,771,15,4
"sample.271",1326,37,2,144,572,172,113,756,201,228,18,64,366,10,463,340,186,254,460,665,134,8,942,704,153,96,89,388,329,0,754,22,4
"sample.272",1372,40,2,155,640,182,102,750,183,241,16,72,359,13,431,376,187,229,476,638,153,9,918,673,138,119,76,388,330,0,713,11,4
"sample.273",1360,46,1,134,639,201,110,750,171,233,17,65,365,22,469,350,216,240,488,667,137,9,926,620,152,113,93,352,328,0,704,17,4
"sample.274",1285,49,2,143,641,193,98,789,215,212,20,67,364,22,443,364,197,226,446,617,146,15,921,674,147,94,92,367,350,0,778,18,4
"sample.275",1307,45,3,131,620,182,87,766,228,250,19,79,380,16,438,308,232,228,452,662,140,3,949,711,137,101,70,399,307,0,737,7,4
"sample.276",1326,27,1,149,642,198,95,775,198,244,13,74,359,17,459,333,176,245,465,659,147,9,903,701,143,93,88,374,317,0,754,11,4
"sample.277",1390,47,0,155,599,181,101,757,223,238,20,82,360,15,389,339,198,209,466,657,121,5,937,700,171,90,78,398,317,0,730,19,4
"sample.278",1274,43,2,129,593,217,108,798,211,221,17,76,347,24,455,322,200,215,461,680,138,10,945,734,135,105,82,345,307,0,774,23,4
"sample.279",1377,33,2,154,623,185,107,768,195,233,12,78,349,14,437,315,197,215,507,648,134,2,943,688,143,100,79,360,324,0,751,13,4
"sample.280",1325,42,0,168,654,186,91,765,195,223,15,65,360,14,443,308,211,270,469,634,146,9,940,671,156,126,93,380,291,0,732,10,4
"sample.281",1310,51,0,154,634,187,115,766,181,259,13,60,351,18,426,328,244,222,491,630,121,8,875,665,144,112,78,399,351,0,786,13,4
"sample.282",1247,42,1,146,600,166,104,782,220,239,10,73,372,14,452,339,231,231,505,658,140,11,946,693,121,106,82,396,304,0,749,8,4
"sample.283",1287,40,1,125,667,193,84,753,226,244,17,70,390,22,431,314,220,241,473,641,144,9,936,663,128,97,70,389,314,0,787,14,4
"sample.284",1261,43,1,148,611,175,102,739,208,264,19,85,376,13,423,332,201,236,470,660,130,10,926,689,160,101,80,387,349,0,782,10,4
"sample.285",1320,50,3,176,617,192,90,746,205,234,15,85,349,15,425,314,193,227,508,629,144,10,967,696,144,88,75,383,289,0,792,13,4
"sample.286",1367,40,2,165,587,158,98,767,198,254,10,61,375,27,451,347,210,222,478,635,125,3,945,703,142,100,81,352,328,0,741,17,4
"sample.287",1326,31,3,137,581,192,112,799,184,231,12,72,360,12,464,316,243,241,438,620,136,4,956,698,130,104,76,408,335,0,751,19,4
"sample.288",1384,45,1,144,601,176,107,798,194,246,17,78,361,15,431,317,230,244,484,624,133,4,870,687,155,121,68,368,324,0,747,14,4
"sample.289",1273,43,1,141,575,190,121,793,181,225,16,52,385,24,452,366,211,223,487,692,115,9,930,668,136,101,67,386,331,0,785,10,4
"sample.290",1374,36,3,148,596,188,113,785,203,238,13,60,346,22,422,373,222,252,448,674,124,5,907,670,112,113,65,370,329,0,772,11,4
"sample.291",1329,50,2,124,616,199,104,787,187,246,14,68,390,19,443,347,195,228,471,675,137,9,951,667,133,95,76,357,302,0,752,16,4
"sample.292",1311,50,2,154,679,197,108,810,187,243,20,77,354,14,449,330,196,248,470,646,127,8,935,651,127,111,74,328,299,0,771,13,4
"sample.293",1291,47,1,148,618,204,106,729,188,225,17,68,379,16,485,334,209,234,470,618,165,5,949,664,142,116,81,397,312,0,753,22,4
"sample.294",1342,41,3,147,583,169,86,807,219,256,22,63,363,19,460,348,194,221,505,627,126,9,926,630,142,135,83,351,327,0,775,13,4
"sample.295",1281,42,4,160,608,188,97,795,211,250,18,59,381,15,474,350,196,278,467,632,124,6,925,632,137,103,87,397,316,0,748,15,4
"sample.296",1384,41,1,151,617,171,91,750,201,250,18,82,392,16,439,354,213,254,448,644,117,8,954,667,141,84,78,363,324,0,720,18,4
"sample.297",1361,44,3,143,644,184,86,763,205,250,17,68,318,27,448,335,199,234,468,627,151,10,915,705,132,97,72,367,340,0,761,15,4
"sample.298",1342,45,2,155,603,202,108,804,228,240,18,87,319,19,434,332,185,255,452,633,133,6,929,677,142,102,91,339,298,0,787,19,4
"sample.299",1298,50,2,133,624,187,113,757,204,265,16,69,402,18,446,356,203,236,463,615,132,9,924,700,146,103,66,393,312,0,732,17,4
"sample.300",1308,39,0,158,587,198,122,807,204,248,13,99,371,21,461,322,184,248,486,640,136,8,929,669,124,96,70,376,325,0,728,13,4
"sample.301",1293,51,3,142,602,163,109,753,211,220,22,72,353,13,462,350,208,258,510,646,150,7,908,668,147,113,95,376,311,0,769,10,4
"sample.302",1288,49,3,145,604,225,111,776,205,247,11,68,389,15,429,395,200,255,481,642,138,2,889,686,131,109,85,387,294,0,724,7,4
"sample.303",312,170,246,571,104,43,290,34,189,10,141,750,96,441,401,110,1021,239,147,407,84,62,225,46,790,407,305,414,1556,4,226,19,5
"sample.304",359,172,230,568,111,43,281,24,212,7,146,735,121,481,419,115,1040,233,152,387,70,52,223,44,810,409,284,387,1490,4,235,13,5
"sample.305",314,205,251,577,106,46,307,27,208,14,134,745,98,478,388,137,1101,226,178,362,76,48,204,42,770,359,296,392,1542,4,218,11,5
"sample.306",337,215,227,605,107,46,303,29,207,10,152,716,133,443,402,112,994,224,159,372,73,59,230,39,753,389,259,413,1577,4,246,10,5
"sample.307",334,193,267,587,87,36,272,22,226,14,140,677,120,490,396,128,1013,242,143,381,76,59,252,48,759,388,320,397,1567,4,210,6,5
"sample.308",342,217,226,549,96,40,271,22,203,8,151,688,103,483,397,102,1059,261,162,375,84,51,258,48,726,400,275,399,1619,4,234,15,5
"sample.309",319,198,222,579,113,33,289,28,205,11,144,773,106,484,405,106,995,201,152,408,71,54,212,42,761,371,325,420,1582,4,243,11,5
"sample.310",356,191,223,605,133,42,280,32,204,13,120,712,119,475,377,146,1028,222,132,379,71,59,225,58,763,406,288,402,1546,4,223,12,5
"sample.311",7,413,165,516,40,133,46,69,668,16,243,185,629,40,34,214,582,275,468,67,159,1051,31,169,1813,329,807,76,151,4,233,216,6
"sample.312",8,445,192,515,35,120,71,65,631,26,256,175,618,53,24,232,586,301,428,92,156,1047,29,145,1862,292,817,73,140,4,224,207,6
"sample.313",8,457,194,494,26,123,41,66,630,14,251,175,604,54,27,235,564,299,472,93,170,996,22,147,1814,332,846,80,161,4,225,225,6
"sample.314",8,448,180,493,29,143,49,70,667,22,272,165,560,45,25,215,539,277,451,103,142,1029,32,153,1850,314,849,88,149,4,247,237,6
"sample.315",6,440,181,532,33,135,46,61,598,20,279,181,644,43,26,182,555,276,464,80,185,990,18,145,1826,321,865,96,155,4,240,223,6
"sample.316",14,418,176,524,25,147,45,61,655,19,264,158,656,45,27,212,576,297,417,84,156,1038,36,148,1836,311,850,88,165,3,217,231,6
"sample.317",13,427,196,498,26,132,42,70,660,15,253,176,585,49,25,220,574,271,432,76,177,1041,28,166,1833,338,802,98,166,4,254,209,6
"sample.318",17,465,156,508,28,126,42,63,655,20,241,173,635,55,28,201,586,295,432,81,160,1071,29,140,1789,313,856,96,150,4,224,235,6
"sample.319",12,446,188,495,28,152,49,68,639,18,258,174,608,49,29,215,575,303,432,73,169,1027,26,140,1815,338,863,77,155,4,231,208,6
"sample.320",9,408,186,492,26,117,49,72,634,15,245,184,633,50,26,217,536,301,449,92,168,1101,19,155,1846,314,811,64,162,4,247,224,6
"sample.321",14,443,181,487,23,108,39,67,651,19,240,164,634,39,34,210,595,305,453,92,154,1022,24,162,1823,303,835,88,143,4,228,268,6
"sample.322",10,448,176,491,31,113,41,75,633,15,267,168,595,48,25,219,560,266,496,79,174,1056,28,166,1808,332,850,104,157,3,218,224,6
"sample.323",10,470,158,512,34,110,48,69,654,16,227,165,646,44,23,207,540,290,465,89,172,1078,30,152,1805,342,826,86,151,3,236,217,6
"sample.324",13,460,165,464,27,140,37,79,655,13,283,171,614,46,34,188,590,270,423,89,179,994,20,179,1853,331,872,82,155,4,240,194,6
"sample.325",10,484,151,516,22,102,36,68,601,20,281,167,638,50,37,227,598,295,484,69,148,1041,14,156,1782,324,826,95,156,4,230,236,6
"sample.326",8,415,210,514,34,132,35,65,665,11,267,168,661,42,27,208,564,294,457,78,158,1031,32,134,1772,332,884,83,162,4,201,216,6
"sample.327",8,454,177,482,22,102,56,69,650,20,260,172,625,48,29,206,559,290,446,104,175,1063,24,166,1779,307,858,75,152,4,250,226,6
"sample.328",11,466,173,459,21,120,48,73,629,21,266,182,649,46,25,200,564,286,459,74,185,1081,24,152,1852,291,832,83,141,4,209,234,6
"sample.329",13,423,168,501,25,129,53,54,670,21,258,179,626,41,29,223,595,260,441,101,153,989,19,170,1849,335,837,85,152,4,219,240,6
"sample.330",12,435,183,494,20,109,41,72,667,18,271,144,634,43,31,214,548,311,467,74,169,1042,25,179,1792,330,780,84,168,5,243,236,6
"sample.331",9,410,175,543,25,121,51,86,632,13,253,178,580,41,33,224,552,298,447,89,135,1047,30,178,1928,349,807,66,146,4,229,187,6
"sample.332",13,457,185,493,30,124,45,69,639,21,241,174,621,48,23,207,572,294,479,84,159,1070,36,157,1819,308,814,77,135,3,232,249,6
"sample.333",5,476,184,514,35,109,44,74,638,25,242,164,619,55,26,217,560,288,475,107,148,1047,25,158,1792,298,831,82,160,4,242,216,6
"sample.334",10,441,158,528,29,127,56,54,633,15,264,153,619,52,23,229,554,286,484,83,180,1030,17,132,1842,337,828,76,153,4,232,236,6
"sample.335",11,438,178,510,41,132,45,85,631,20,268,175,642,55,33,203,574,291,432,86,166,1016,32,155,1787,286,802,86,173,4,259,251,6
"sample.336",7,443,184,491,37,121,47,87,643,21,261,154,649,55,31,223,575,287,447,80,140,1007,42,162,1812,285,871,89,157,4,226,221,6
"sample.337",22,422,182,481,37,130,41,73,629,19,247,190,590,56,24,220,569,280,479,77,180,1063,23,162,1773,335,827,75,152,4,250,235,6
"sample.338",14,464,178,494,25,134,41,77,648,20,281,151,635,45,27,206,589,292,463,89,124,1013,27,170,1834,301,851,84,129,4,226,222,6
"sample.339",13,479,183,521,47,109,53,71,584,15,260,165,663,43,21,210,555,319,420,83,149,1021,34,149,1775,321,863,74,157,4,234,255,6
"sample.340",9,433,168,481,36,119,56,75,648,21,287,143,653,60,21,193,545,268,461,89,136,1054,24,167,1884,343,832,76,145,4,218,226,6
"sample.341",13,467,199,468,24,134,48,70,636,18,276,163,612,52,31,214,554,253,413,116,179,1058,19,160,1805,288,892,81,154,4,238,209,6
"sample.342",11,455,179,527,26,112,51,79,590,24,261,172,595,64,34,202,587,312,472,101,161,960,28,158,1888,282,860,79,133,4,249,202,6
"sample.343",8,423,168,489,29,118,50,83,642,24,258,169,607,38,31,203,594,308,441,115,171,1030,22,144,1805,314,875,80,141,4,238,222,6
"sample.344",9,487,170,489,32,115,42,67,665,18,234,158,574,39,33,210,568,273,460,79,167,1018,30,156,1863,344,850,82,149,4,249,215,6
"sample.345",16,461,190,520,39,115,54,66,623,18,272,154,627,53,29,211,539,284,448,82,164,995,28,156,1824,332,835,86,160,4,238,222,6
"sample.346",6,445,196,495,27,134,56,69,633,13,245,170,672,55,24,200,597,313,429,78,149,993,20,154,1827,313,804,84,162,5,218,253,6
"sample.347",12,460,168,509,36,131,54,66,643,21,239,171,657,49,23,205,588,282,452,80,160,1025,25,152,1780,289,864,94,176,4,219,234,6
"sample.348",8,445,203,460,29,116,29,59,636,20,245,160,668,58,30,194,608,268,486,73,165,1031,27,145,1793,306,874,91,162,4,238,241,6
"sample.349",14,405,171,521,33,111,45,71,593,19,236,197,644,36,36,198,607,293,433,97,134,1081,33,177,1808,312,850,81,149,4,231,225,6
"sample.350",14,474,173,499,29,163,40,69,617,22,256,165,646,45,28,225,519,294,456,77,161,1016,27,173,1835,324,848,94,147,4,213,192,6
"sample.351",9,430,175,511,36,108,41,69,644,15,255,152,617,50,33,234,556,287,499,79,135,1025,23,177,1816,296,866,74,149,4,250,231,6
"sample.352",13,438,178,537,37,109,40,54,616,18,264,186,603,54,26,218,549,284,475,90,177,1116,23,147,1784,340,852,81,172,4,202,187,6
"sample.353",12,426,166,492,29,126,49,74,637,16,275,178,595,40,28,228,577,277,449,81,154,1001,36,161,1890,334,826,75,174,4,207,231,6
"sample.354",15,467,194,516,31,124,46,68,641,16,251,190,625,42,45,214,535,282,438,78,160,1015,29,153,1866,311,831,78,147,4,213,247,6
"sample.355",14,454,164,496,23,106,44,46,681,21,278,169,614,44,29,237,554,283,425,89,187,1065,29,145,1763,318,859,88,145,4,252,234,6
"sample.356",7,456,176,515,33,107,48,73,686,18,240,184,629,53,29,235,572,278,458,68,180,1005,22,157,1863,323,810,75,147,4,223,195,6
"sample.357",9,425,172,486,32,113,49,61,630,15,287,189,649,51,39,212,575,287,468,93,156,1027,21,169,1826,314,825,82,138,4,239,208,6
"sample.358",8,455,172,512,41,118,45,60,634,10,261,169,650,45,24,208,574,291,451,80,131,1051,27,149,1838,311,858,94,150,4,220,230,6
"sample.359",17,497,166,518,29,131,52,68,610,21,240,163,656,47,25,203,545,309,458,79,162,971,15,159,1869,320,865,86,189,3,204,201,6
"sample.360",12,468,156,485,32,123,41,83,659,19,243,211,651,33,33,213,562,296,430,72,159,1073,30,136,1831,288,869,70,142,4,232,212,6
"sample.361",7,437,173,531,27,132,46,72,658,28,275,148,631,38,18,226,553,292,469,81,157,1094,22,155,1818,294,819,69,153,4,223,213,6
"sample.362",13,428,195,506,17,109,46,85,646,17,235,175,653,53,22,216,572,306,442,91,153,1055,30,173,1832,305,851,83,136,4,203,202,6
"sample.363",16,447,184,524,26,127,30,73,621,17,226,168,632,40,32,198,582,286,444,77,184,1009,30,168,1813,317,839,92,164,4,231,248,6
"sample.364",11,441,187,514,29,108,46,57,641,13,253,180,623,43,30,196,567,274,463,68,183,1059,20,164,1824,333,818,98,163,4,216,242,6
"sample.365",15,433,181,525,27,133,45,74,659,18,304,143,669,55,29,213,546,287,442,66,148,1028,22,154,1803,310,829,81,160,4,212,244,6
"sample.366",6,468,159,497,26,147,62,78,596,16,243,176,641,46,25,231,578,289,455,75,162,1109,28,149,1794,308,806,77,154,4,221,221,6
"sample.367",14,417,177,526,26,110,53,64,663,13,243,177,613,41,23,244,539,285,505,73,165,1001,28,143,1912,314,847,88,146,3,220,207,6
"sample.368",16,447,179,483,38,133,48,66,599,18,259,163,664,58,26,219,550,290,485,82,174,1015,23,192,1830,302,809,98,160,4,209,229,6
"sample.369",12,441,179,502,22,122,50,82,658,20,266,148,689,48,23,202,582,277,448,79,177,993,25,142,1880,299,809,77,148,4,228,241,6
"sample.370",7,436,163,522,28,112,32,64,637,25,267,182,612,54,29,210,591,321,478,81,156,1072,30,158,1789,338,780,82,147,3,238,233,6
"sample.371",15,443,202,468,34,122,52,71,598,21,250,170,637,50,21,225,630,282,447,86,167,1035,22,145,1858,319,811,76,167,3,237,213,6
"sample.372",12,447,171,518,25,120,42,63,645,19,247,192,631,38,21,229,565,282,442,94,164,1038,18,143,1873,301,821,79,163,4,243,195,6
"sample.373",8,475,188,467,44,129,41,68,673,27,235,150,667,51,31,217,559,272,492,84,138,1014,21,130,1780,326,847,76,151,5,232,246,6
"sample.374",8,447,209,504,40,122,38,60,645,16,284,149,640,47,32,204,604,286,469,79,150,1051,23,163,1790,282,848,80,152,4,224,216,6
"sample.375",15,449,178,479,33,115,42,62,619,17,268,177,649,48,31,189,583,281,449,75,162,1092,33,147,1778,300,875,88,137,4,244,231,6
"sample.376",7,439,188,490,26,134,47,78,646,12,266,174,651,51,32,224,563,259,451,97,169,1034,29,149,1853,322,806,70,139,4,210,238,6
"sample.377",9,457,177,494,25,114,54,93,616,15,268,167,594,51,27,211,571,299,433,104,156,987,33,164,1823,337,853,99,158,4,239,237,6
"sample.378",10,463,180,505,25,112,52,66,635,14,245,171,611,47,27,246,573,283,483,87,158,1012,23,149,1748,321,856,91,168,4,243,249,6
"sample.379",12,456,201,507,37,149,48,56,631,23,249,180,643,44,35,211,574,261,448,87,147,1039,19,169,1810,311,783,89,160,4,231,240,6
"sample.380",7,441,158,524,22,124,41,77,642,16,263,167,596,58,34,204,588,295,468,89,153,1006,21,150,1836,315,867,88,150,4,220,234,6
"sample.381",11,446,163,482,29,136,43,67,666,20,293,177,580,46,28,205,528,284,473,73,156,1053,34,171,1804,342,854,82,149,4,237,216,6
"sample.382",13,475,169,486,32,130,43,57,611,23,280,159,633,44,35,195,549,294,444,96,145,1037,30,138,1872,307,848,82,180,4,233,227,6
"sample.383",18,435,175,499,31,138,40,57,634,21,308,165,611,39,28,226,559,267,490,89,160,1048,24,144,1830,328,819,72,171,4,218,208,6
"sample.384",13,426,172,500,32,112,46,82,641,18,239,164,617,54,29,214,625,291,460,92,177,1016,28,160,1810,303,876,72,163,4,207,202,6
"sample.385",9,473,163,488,28,123,43,73,617,19,266,181,626,38,27,231,593,305,459,103,170,1008,26,144,1802,308,858,83,145,4,251,210,6
"sample.386",12,450,174,546,40,135,46,74,701,16,230,162,646,50,25,198,540,269,452,73,151,1023,20,168,1791,327,877,68,141,4,233,220,6
"sample.387",8,388,187,512,33,103,38,74,619,8,291,160,637,44,28,238,586,261,452,113,180,1023,26,157,1851,349,780,85,174,4,254,208,6
"sample.388",7,422,182,502,35,130,52,59,679,17,274,171,610,52,26,209,549,288,469,89,167,1045,20,157,1845,312,827,74,158,4,211,225,6
"sample.389",11,430,178,506,28,122,53,72,688,16,270,161,611,56,31,233,595,280,446,83,131,1028,27,163,1812,327,820,96,158,4,219,190,6
"sample.390",11,453,179,479,41,124,37,73,609,13,256,187,577,46,26,222,573,322,469,82,165,1012,21,136,1851,313,891,84,159,4,252,197,6
"sample.391",16,433,163,530,31,101,35,61,673,20,278,172,618,51,29,203,562,271,433,73,153,1022,23,143,1817,332,914,79,163,4,242,206,6
"sample.392",12,419,178,527,37,104,46,60,686,16,262,169,587,41,33,223,579,282,467,93,173,987,20,145,1827,335,838,77,165,4,226,242,6
"sample.393",10,410,159,481,32,129,43,73,668,23,265,166,613,49,34,238,589,283,495,85,168,1031,25,168,1821,302,828,79,131,4,257,216,6
"sample.394",13,400,189,478,34,137,53,71,680,24,257,167,618,39,32,238,578,288,433,79,160,1050,23,154,1794,319,822,76,159,4,261,223,6
"sample.395",10,437,198,462,33,128,45,69,682,20,270,169,632,59,21,204,560,305,448,79,156,1011,26,148,1826,335,846,76,144,4,238,219,6
"sample.396",13,466,173,492,40,123,54,66,665,14,259,139,586,47,31,209,596,293,453,83,174,1027,34,175,1805,322,853,70,163,4,220,214,6
"sample.397",12,473,176,504,34,110,46,70,611,19,252,188,602,41,20,232,587,285,438,99,152,1041,29,158,1840,300,821,80,182,4,266,190,6
"sample.398",6,432,195,480,40,113,44,64,646,16,245,200,632,49,17,219,560,297,488,89,166,1047,30,150,1818,287,834,93,148,5,223,210,6
"sample.399",13,451,193,506,37,137,41,84,615,22,253,158,622,46,29,224,604,296,463,77,163,1053,27,170,1798,334,823,65,131,4,219,210,6
"sample.400",12,429,190,511,36,105,50,66,627,26,241,170,630,55,34,237,585,261,446,83,168,1037,31,156,1815,328,846,94,151,3,227,226,6
"sample.401",9,452,146,464,34,130,56,70,593,20,286,174,629,49,22,235,600,288,457,99,164,1028,26,147,1793,325,838,87,183,4,217,225,6
"sample.402",7,436,175,470,20,105,43,69,640,15,263,167,664,51,24,218,569,318,453,70,175,1077,38,160,1860,302,780,86,135,5,218,222,6
"sample.403",14,434,146,482,30,143,51,69,631,21,254,187,655,55,21,208,595,263,437,88,163,1019,24,158,1899,321,788,88,141,4,227,240,6
"sample.404",13,439,186,500,32,129,49,75,621,20,279,172,635,44,27,222,590,285,450,88,151,1030,29,131,1847,325,821,80,147,4,222,211,6
"sample.405",8,436,160,519,22,142,54,64,629,20,258,177,646,52,32,246,555,278,451,84,152,1015,25,184,1782,349,836,71,155,4,222,239,6
"sample.406",7,458,205,492,35,125,47,70,668,13,240,175,656,50,25,231,592,272,447,75,152,1010,19,159,1830,324,762,71,170,5,229,228,6
"sample.407",10,434,191,515,39,133,36,58,598,27,290,171,645,50,29,215,558,316,486,64,156,1056,23,154,1771,314,855,79,164,3,229,216,6
"sample.408",7,421,196,483,28,129,44,78,632,18,269,160,692,37,28,232,576,271,455,89,149,1037,25,141,1820,290,847,76,153,4,227,243,6
"sample.409",5,449,187,512,32,117,37,62,597,19,270,149,610,45,23,229,553,269,494,80,162,1071,18,165,1856,347,822,74,127,4,233,246,6
"sample.410",10,483,185,485,33,116,57,78,597,13,259,164,590,46,32,220,559,294,435,90,163,980,29,157,1920,353,818,78,159,4,250,205,6
"sample.411",10,447,181,509,30,109,42,70,615,20,255,183,614,43,26,230,555,261,459,84,167,1002,23,163,1832,330,851,76,173,4,241,257,6
"sample.412",8,430,181,479,24,136,37,64,684,16,260,158,620,53,22,231,533,287,464,86,162,1075,31,161,1836,319,829,77,170,4,217,210,6
"sample.413",7,445,170,508,23,118,46,63,618,23,263,157,647,36,30,221,559,267,446,83,189,1026,26,168,1865,355,826,86,146,4,215,230,6
"sample.414",17,450,166,493,27,139,54,72,633,19,278,202,593,47,31,220,565,290,444,94,149,999,22,160,1874,301,817,83,152,4,235,227,6
"sample.415",28,261,163,46,44,29,52,1044,190,302,59,180,287,233,192,259,15,77,484,670,253,710,137,76,942,294,691,145,103,31,441,582,7
"sample.416",28,228,225,57,57,27,41,1054,209,303,66,153,299,283,170,244,16,91,534,673,228,712,138,81,906,300,597,150,104,30,416,618,7
"sample.417",25,226,164,62,42,21,59,1068,176,313,76,174,353,244,181,261,11,76,501,638,239,656,150,63,1023,313,644,177,99,31,422,539,7
"sample.418",19,239,194,63,50,26,51,1088,195,339,72,170,319,258,188,267,12,67,478,635,264,670,163,71,905,300,590,137,100,32,441,593,7
"sample.419",34,227,179,57,53,26,54,1104,201,334,68,172,328,253,187,252,19,85,472,632,232,740,143,75,898,334,630,116,93,33,380,552,7
"sample.420",37,221,158,64,54,28,58,1058,216,307,64,161,323,257,156,260,16,80,507,655,258,700,168,76,945,294,629,142,107,31,396,592,7
"sample.421",31,238,172,58,39,29,45,1105,193,331,77,173,314,228,201,251,19,81,492,641,262,702,131,72,899,316,675,158,85,30,403,590,7
"sample.422",28,235,187,41,50,27,55,1063,189,362,69,183,301,255,184,235,10,88,523,622,250,756,150,74,932,301,588,124,98,32,381,598,7
"sample.423",25,235,178,56,46,32,57,1078,209,295,84,177,307,236,168,274,22,75,488,619,264,741,126,61,927,310,642,175,112,30,402,598,7
"sample.424",18,230,158,54,47,27,47,1035,198,313,74,207,303,224,187,268,17,70,506,652,261,731,136,68,936,334,624,144,104,31,420,586,7
"sample.425",24,241,168,63,32,30,50,1054,185,310,63,184,314,255,187,258,20,78,499,657,254,732,134,86,913,304,650,135,95,31,393,609,7
"sample.426",30,218,158,56,48,34,48,1087,183,324,88,199,331,278,187,235,13,82,505,641,256,737,131,71,903,315,660,161,97,30,375,566,7
"sample.427",32,207,190,60,50,35,38,1068,216,311,67,176,293,229,186,278,15,64,473,604,244,747,142,63,899,347,669,161,107,32,444,551,7
"sample.428",30,243,168,65,30,36,51,1139,208,315,75,180,297,224,202,312,16,73,491,627,243,713,135,63,916,317,622,155,92,31,388,567,7
"sample.429",27,228,189,51,53,18,53,1061,202,327,69,188,298,269,211,274,16,84,516,607,239,715,141,75,915,317,605,147,109,32,411,555,7
"sample.430",26,245,171,62,58,41,41,1078,193,316,67,181,300,257,187,257,19,83,461,645,232,702,158,65,922,303,643,150,87,33,415,556,7
"sample.431",28,247,172,70,47,22,47,1105,175,275,70,195,303,242,168,252,19,73,507,644,244,728,167,57,950,318,592,137,111,31,435,576,7
"sample.432",26,208,173,61,35,41,46,1117,175,329,85,191,313,240,178,274,17,91,516,633,257,725,132,58,912,301,621,153,102,30,435,563,7
"sample.433",22,250,194,53,46,31,51,1100,203,301,81,169,305,248,187,270,17,82,523,645,223,718,149,67,925,307,626,143,101,30,402,595,7
"sample.434",27,235,182,68,37,23,49,1094,208,327,65,202,293,252,174,255,19,75,492,640,232,728,158,62,915,332,647,152,98,32,410,519,7
"sample.435",37,239,168,72,47,23,54,1108,183,294,68,175,307,286,185,270,23,82,446,674,265,677,141,61,922,294,608,175,106,33,415,526,7
"sample.436",22,230,181,78,55,29,57,1059,183,319,88,180,281,229,163,267,10,76,509,617,267,694,152,68,924,306,595,167,117,32,428,617,7
"sample.437",46,214,157,63,38,46,50,1050,179,312,80,186,313,257,175,260,17,73,546,626,256,696,124,80,899,311,600,174,102,33,406,593,7
"sample.438",24,240,182,60,44,38,44,1085,221,345,82,162,313,256,168,254,9,93,512,601,258,653,126,68,967,311,624,144,110,31,414,576,7
"sample.439",33,243,165,63,50,32,37,1078,172,288,66,175,310,236,182,257,13,101,505,660,265,752,160,82,900,325,598,143,113,31,399,571,7
"sample.440",23,240,158,48,38,42,45,1142,200,341,58,155,317,263,179,258,17,93,463,651,266,713,143,76,893,325,626,141,84,31,395,582,7
"sample.441",24,279,173,58,38,34,46,1075,172,331,73,188,315,261,177,278,19,98,485,649,242,700,152,73,942,294,594,180,85,30,403,575,7
"sample.442",30,189,180,65,38,24,54,1073,194,325,79,189,274,249,194,271,19,64,528,642,231,762,171,82,941,294,621,165,100,31,374,564,7
"sample.443",26,237,180,54,35,33,58,1148,216,316,80,207,306,265,172,266,21,77,458,672,244,679,152,75,907,341,564,139,109,30,435,546,7
"sample.444",27,221,178,67,39,41,45,1069,210,311,66,198,329,241,156,288,19,77,514,688,246,744,156,66,902,319,585,160,94,30,429,534,7
"sample.445",36,258,198,62,40,25,53,1102,205,310,68,183,296,236,187,239,23,79,483,622,268,721,147,85,898,294,604,156,104,30,411,627,7
"sample.446",26,215,191,53,46,30,66,1092,192,300,74,181,291,220,172,239,19,84,517,622,229,687,152,74,958,326,608,171,91,32,409,627,7
"sample.447",23,220,185,59,50,36,45,1127,181,319,64,172,293,259,181,236,21,77,464,631,232,689,153,75,942,305,674,153,108,33,409,556,7
"sample.448",25,237,158,53,42,38,61,1128,174,326,83,171,307,261,168,286,17,89,488,678,223,677,150,73,903,324,652,152,117,30,380,570,7
"sample.449",30,229,189,43,47,34,54,1116,198,325,65,198,352,243,170,274,15,81,479,678,235,711,145,63,843,313,603,158,103,31,410,581,7
"sample.450",31,256,170,58,53,28,49,1025,181,306,71,162,319,247,170,280,11,79,511,653,239,660,140,70,929,321,573,169,104,33,400,654,7
"sample.451",30,269,166,64,47,31,48,1049,215,306,66,180,295,267,180,243,13,89,512,661,223,732,138,68,891,334,635,137,92,31,405,613,7
"sample.452",28,231,175,50,40,34,47,1127,196,310,79,189,315,248,177,265,8,79,504,605,239,704,121,72,898,304,685,157,99,32,398,580,7
"sample.453",35,225,182,55,51,31,52,1103,200,324,78,189,336,228,185,226,17,89,497,668,254,687,154,69,901,290,589,157,107,33,391,560,7
"sample.454",26,204,179,58,48,37,51,1103,189,295,84,195,321,239,185,276,18,87,496,628,268,673,158,73,913,307,628,134,105,31,408,604,7
"sample.455",29,248,180,33,46,34,37,1073,219,324,72,194,309,247,206,260,19,85,494,638,239,720,145,88,905,305,578,157,125,30,458,545,7
"sample.456",16,243,164,58,40,40,49,1092,205,321,60,187,272,237,179,279,12,72,490,635,263,707,144,77,928,323,644,128,109,32,398,580,7
"sample.457",22,241,180,45,49,31,48,1099,186,309,70,160,324,236,173,269,20,76,463,630,243,716,141,84,919,324,630,178,113,32,400,565,7
"sample.458",24,210,188,61,43,34,42,1094,196,309,72,191,278,251,180,273,12,90,474,659,257,714,152,72,919,305,627,158,103,32,402,573,7
"sample.459",33,242,184,59,42,21,46,1050,203,341,79,183,315,242,171,250,9,72,494,665,259,701,158,79,915,330,603,167,98,32,390,557,7
"sample.460",20,248,184,48,48,31,55,1046,191,313,66,195,279,237,180,296,21,95,493,659,257,690,127,63,951,311,651,155,112,31,385,583,7
"sample.461",21,266,169,57,47,43,43,1065,182,340,65,174,314,244,186,255,15,86,518,654,278,754,136,61,937,310,585,162,84,31,398,545,7
"sample.462",23,226,207,59,50,28,51,1090,190,293,55,193,326,244,157,299,12,71,501,637,233,708,155,77,885,325,625,144,108,31,405,598,7
"sample.463",21,227,158,45,43,31,65,1099,195,330,67,173,315,259,159,244,27,71,470,618,253,713,148,83,943,283,644,146,105,32,435,587,7
"sample.464",26,263,197,47,50,35,46,1091,184,326,81,181,294,260,185,264,24,91,483,637,241,713,146,71,905,356,596,174,86,29,404,590,7
"sample.465",26,250,200,59,45,21,45,1154,195,296,71,166,299,226,183,271,10,97,484,633,263,715,130,71,953,263,645,156,107,31,402,562,7
"sample.466",24,221,176,56,50,37,53,1102,227,295,69,185,308,240,164,255,13,78,527,649,245,664,163,71,923,305,610,146,116,32,395,590,7
"sample.467",26,228,183,65,43,35,57,1071,204,310,73,203,299,253,197,254,17,73,506,617,223,712,157,87,893,346,584,158,98,33,436,529,7
"sample.468",21,219,177,48,31,27,64,1080,219,327,78,180,348,239,161,231,17,81,507,651,253,703,142,61,916,328,579,152,117,32,424,577,7
"sample.469",26,236,182,56,52,29,50,1063,179,306,87,201,329,264,173,267,25,71,459,644,257,725,152,63,906,318,604,164,104,31,434,558,7
"sample.470",21,241,200,49,44,27,38,1084,197,315,83,166,320,277,168,236,15,94,500,606,229,726,151,88,911,298,678,139,109,31,412,577,7
"sample.471",25,243,160,59,44,34,43,1012,186,323,71,169,303,262,189,275,13,73,491,646,258,724,162,67,916,352,655,151,111,31,420,547,7
"sample.472",28,223,193,53,37,18,46,1116,207,307,77,185,343,259,172,235,20,100,491,657,221,701,133,59,916,326,650,155,101,31,384,582,7
"sample.473",17,242,220,60,38,26,39,1068,206,299,77,163,330,264,161,261,19,75,465,605,247,699,153,85,884,313,676,137,95,33,400,601,7
"sample.474",27,222,188,69,50,25,43,1084,211,340,86,189,304,257,201,252,10,82,472,622,266,701,147,58,949,298,638,133,83,32,402,561,7
"sample.475",27,235,169,67,46,30,49,1030,179,319,68,179,295,260,183,288,19,73,525,625,237,668,138,72,987,333,622,177,105,33,387,542,7
"sample.476",32,224,197,48,38,37,56,1098,188,315,77,186,307,230,168,252,12,80,464,678,241,702,166,71,956,285,617,138,94,32,433,552,7
"sample.477",32,244,156,65,35,32,53,1094,219,279,72,191,337,255,156,263,18,68,516,646,229,696,153,61,911,317,645,166,96,31,389,583,7
"sample.478",28,256,172,61,41,36,46,1115,199,320,77,185,315,277,158,286,11,67,482,652,244,686,139,71,959,286,623,143,91,30,419,579,7
"sample.479",33,221,194,49,52,33,57,1136,174,306,95,162,340,259,170,254,17,87,519,616,259,700,139,67,832,326,634,159,103,33,400,543,7
"sample.480",28,255,174,61,58,34,55,1037,174,307,76,172,291,250,208,274,20,93,499,635,239,672,157,82,947,327,597,156,106,32,372,596,7
"sample.481",32,220,171,59,46,39,56,1081,214,315,84,167,309,273,178,286,16,78,458,665,217,664,147,74,946,288,625,166,117,31,434,572,7
"sample.482",31,260,177,58,44,37,60,1049,216,271,75,192,300,238,167,289,18,81,473,601,263,739,134,61,916,322,604,173,106,33,399,579,7
"sample.483",24,227,173,64,50,48,48,1078,190,323,80,191,311,243,166,266,13,82,462,632,236,699,149,58,994,338,602,160,98,32,379,570,7
"sample.484",26,235,182,59,37,39,57,1061,195,279,73,188,300,263,173,291,15,61,504,625,281,679,164,67,924,277,671,155,120,31,412,584,7
"sample.485",17,255,188,44,48,29,41,1086,183,354,73,203,299,236,161,242,20,77,490,659,245,747,136,70,907,290,611,148,105,32,409,576,7
"sample.486",36,235,172,52,36,32,52,1115,202,314,71,167,284,231,178,239,14,73,545,653,229,685,187,72,935,294,648,143,100,32,426,543,7
"sample.487",34,269,179,59,43,36,53,1061,200,328,87,164,295,270,187,267,13,74,494,663,262,684,161,78,910,329,600,136,124,30,376,590,7
"sample.488",27,221,187,63,61,34,45,1072,197,290,77,189,310,278,180,271,25,73,507,636,241,733,151,63,964,319,579,144,94,31,366,605,7
"sample.489",39,247,188,64,54,39,50,1131,192,302,61,179,291,254,201,264,18,64,450,631,235,718,160,62,907,337,660,157,103,31,372,567,7
"sample.490",29,227,180,54,49,30,64,1099,198,315,74,174,287,220,173,248,23,90,514,627,243,709,147,76,951,290,672,157,97,32,389,560,7
"sample.491",27,230,190,40,31,18,45,1089,201,330,79,196,308,242,165,245,16,73,462,637,268,699,149,70,928,322,679,148,108,32,403,574,7
"sample.492",29,267,177,54,38,38,42,1073,190,297,75,186,370,246,164,255,19,69,496,648,234,714,159,64,916,312,608,158,106,32,397,568,7
"sample.493",27,256,178,63,47,37,52,1097,218,269,62,173,293,229,175,270,9,81,492,662,268,670,138,72,934,297,592,161,105,33,413,590,7
"sample.494",39,231,191,49,48,34,34,1084,202,336,70,181,321,245,161,248,11,76,475,643,257,731,152,67,910,312,640,142,81,32,412,585,7
"sample.495",30,242,157,62,35,41,49,1063,183,350,71,202,286,261,219,253,15,89,488,676,259,684,146,64,863,313,639,152,100,31,395,605,7
"sample.496",16,243,176,54,35,32,63,1152,194,291,69,194,302,255,180,277,17,80,478,625,229,683,119,68,892,312,664,139,90,32,438,591,7
"sample.497",19,249,200,48,52,36,36,1090,192,346,71,161,283,233,175,269,10,87,517,665,282,672,154,79,893,343,627,139,103,31,434,540,7
"sample.498",32,259,173,64,49,23,52,1036,203,320,66,187,260,234,200,257,16,87,494,634,242,751,159,75,959,340,634,173,105,30,365,558,7
"sample.499",18,259,162,64,50,38,44,1048,219,282,74,168,311,231,178,279,14,89,481,636,241,728,141,79,936,328,588,139,108,32,435,574,7
"sample.500",18,256,161,66,51,21,49,1079,185,309,89,172,358,257,178,267,21,90,503,647,244,705,152,74,919,301,596,153,97,31,397,590,7
"sample.501",22,248,186,46,48,29,51,1036,203,279,71,200,313,252,166,243,16,85,510,665,245,691,128,69,959,307,614,158,132,33,410,540,7
"sample.502",40,212,171,50,31,30,56,1073,207,342,65,184,316,236,172,245,14,99,489,615,254,709,158,80,942,287,657,164,116,31,407,555,7
"sample.503",19,240,168,58,45,42,42,1078,171,331,81,169,278,215,176,290,27,78,507,654,255,741,147,69,917,328,590,155,114,32,397,566,7
"sample.504",34,259,184,54,51,23,41,1083,205,332,80,180,322,252,182,240,17,87,466,629,227,704,144,72,930,313,613,163,97,31,428,566,7
"sample.505",20,238,185,67,38,42,41,1102,211,318,78,183,301,232,169,286,19,62,506,691,241,716,141,62,933,308,610,152,112,29,392,598,7
"sample.506",22,216,208,52,29,28,47,1114,206,309,74,204,302,231,179,279,13,71,480,626,249,686,135,83,938,282,637,151,116,32,420,578,7
"sample.507",39,213,186,56,41,21,45,1084,171,328,78,194,310,262,182,251,19,71,487,633,235,720,171,63,913,316,608,160,99,32,382,615,7
"sample.508",27,244,195,65,43,29,48,1064,190,301,74,191,303,255,169,266,14,69,488,653,246,715,142,80,939,345,650,132,105,29,416,600,7
"sample.509",27,232,156,54,41,37,58,1154,192,320,66,168,305,237,175,265,10,78,493,650,225,761,136,77,878,291,641,134,102,32,419,590,7
"sample.510",24,232,178,57,38,36,43,1087,198,314,76,169,295,279,177,259,22,73,516,680,232,731,120,49,941,281,620,147,103,32,419,567,7
"sample.511",26,215,220,49,41,33,46,1093,193,317,85,178,292,251,177,244,19,92,464,615,243,759,146,72,902,317,677,147,98,31,406,563,7
"sample.512",25,217,178,59,71,31,53,998,234,317,76,191,325,241,182,286,16,76,516,673,268,698,149,67,913,333,601,138,101,30,383,616,7
